[{
  "_id": {
    "$oid": "5f15eef1dfcf503500de67f7"
  },
  "category": "Jwellery",
  "subcategory": "Neckless",
  "material": "wooden",
  "thumbnail": "",
  "title": "Wooden Neckless",
  "description": "Perfect for casual outings",
  "style": "casual",
  "code": "WN1319",
  "price": "59.55",
  "rating": "3",
  "mrp": "65.59",
  "qty": "12"
},{
  "_id": {
    "$oid": "5f15eef1dfcf503500de67f8"
  },
  "category": "Jwellery",
  "subcategory": "Ear Rings",
  "material": "Brass",
  "thumbnail": "",
  "title": "Brass Ear Rings",
  "description": "A brass ear rings Perfect for casual outings and get together",
  "style": "casual",
  "code": "WN1123",
  "price": "168.00",
  "rating": "4",
  "mrp": "189.50",
  "qty": "10"
}]