[{
	"username" : "soumyajitm",
	"imageuri" : "assets/posts/DSCN0482.JPG",
	"imageid" : "soumyajitm_01",
	"rating" : "2.0"
},{
	"username" : "soumyajitm",
	"imageuri" : "assets/posts/DSCN0489.JPG",
	"imageid" : "soumyajitm_02",
	"rating" : "3.0"
},{
    "username" : "satabdis",
    "imageuri" : "assets/posts/1599451751894_An KI_sign_Crop-01.jpg",
    "imageid" : "satabdis_01",
    "rating" : "2.0"
},{
	"username" : "satabdis",
    "imageuri" : "assets/posts/An KI_sign_2-01.jpg",
    "imageid" : "satabdis_02",
    "rating" : "2.0"
},{
	"username" : "satabdis",
    "imageuri": "assets/posts/An KI_sign_3-01.jpg",
    "imageid" : "satabdis_03",
    "rating" : "2.0"
}]