[{
    "firstname" : "Soumyajit", 
    "lastname" : "Mondal",
    "address" : "Sonarpur",    
    "mobile" : "9477411305", 
    "pincode" : "700150",
    "emailid" : "sendtosoumyajit@gmail.com",
    "username" : "soumyajitm", 
    "password" : "name@123", 
    "userpic" : null,
    "userbio": null
},{
    "firstname" : "Satabdi", 
    "lastname" : "Shee",
    "address" : "Sonarpur",    
    "mobile" : "9830515305", 
    "pincode" : "700150",
    "emailid" : "mailtosatabdi@gmail.com",
    "username" : "satabdis", 
    "password" : "name@123", 
    "userpic" : null,
    "userbio": null
}]